{
    "eval_loss": 1.9965190887451172,
    "eval_accuracy": 0.6950694444444444,
    "eval_precision": 0.6804918884831193,
    "eval_recall": 0.6950694444444444,
    "eval_f1": 0.6807797053894868,
    "eval_runtime": 59.2272,
    "eval_samples_per_second": 243.132,
    "eval_steps_per_second": 7.598,
    "epoch": 2.0
}